country,1960,1961,1962,1963,1964,1965,1966,1967,1968,1969,1970,1971,1972,1973,1974,1975,1976,1977,1978,1979,1980,1981,1982,1983,1984,1985,1986,1987,1988,1989,1990,1991,1992,1993,1994,1995,1996,1997,1998,1999,2000,2001,2002,2003,2004,2005,2006,2007,2008,2009,2010,2011,2012,2013,2014,2015,2016
Afghanistan,0,,,,,0,,,,,0,,,,,0,0,0,0,0,0,0,0,0,0,0,0,0,0,0,0,0,0,0,0,0,0,0,0,0,0,0,25000,200000,600000,1200000,2520000,4670000,7900000,10500000,10200000,13800000,15300000,16800000,18400000,19700000,21600000
Albania,0,,,,,0,,,,,0,,,,,0,0,0,0,0,0,0,0,0,0,0,0,0,0,0,0,0,0,0,0,0,2300,3300,5600,11000,29800,393000,851000,1100000,1260000,1530000,1910000,2320000,1860000,2460000,2690000,3100000,3500000,3690000,3360000,3400000,3370000
Algeria,0,,,,,0,,,,,0,,,,,0,0,0,0,0,0,0,0,0,0,0,0,0,0,0,470,4780,4780,4780,1350,4690,11700,17400,18000,72000,86000,100000,450000,1450000,4880000,13700000,21000000,27600000,27000000,32700000,32800000,35600000,37500000,39500000,43300000,43200000,47000000
Andorra,0,,,,,0,,,,,0,,,,,0,0,0,0,0,0,0,0,0,0,0,0,0,0,0,0,0,770,780,784,2830,5490,8620,14100,20600,23500,29400,32800,51900,58400,64600,69000,63500,64200,64500,65500,65000,63900,63900,66200,71300,71100
Angola,0,,,,,0,,,,,0,,,,,0,0,0,0,0,0,0,0,0,0,0,0,0,0,0,0,0,0,1100,1820,1990,3300,7050,9820,24000,25800,75000,140000,350000,740000,1610000,3050000,4960000,6770000,8110000,9400000,12100000,12800000,13300000,14100000,13900000,13000000
Antigua and Barbuda,0,,,,,0,,,,,0,,,,,0,0,0,0,0,0,0,0,0,0,0,0,0,0,,0,,,,,,1300,1400,1500,8500,22000,25000,38200,46100,54000,86000,110000,112000,137000,135000,168000,176000,127000,114000,120000,176000,180000
Argentina,0,,,,,0,,,,,0,,,,,0,0,0,0,0,0,0,0,0,0,0,0,0,0,2300,12000,25000,46600,112000,241000,405000,667000,2010000,2670000,3850000,6490000,6740000,6570000,7840000,13500000,22200000,31500000,40400000,46500000,52500000,57100000,60700000,64300000,67400000,61200000,61800000,63700000
Armenia,0,,,,,0,,,,,0,,,,,0,0,0,0,0,0,0,0,0,0,0,0,0,0,0,0,0,0,0,0,0,300,5000,7830,8160,17500,25500,71300,114000,203000,318000,1260000,1880000,1440000,2190000,3870000,3210000,3320000,3350000,3460000,3460000,3430000
Australia,0,,,,,0,,,,,0,,,,,0,0,0,0,0,0,0,0,0,0,0,0,4420,31600,94500,185000,291000,497000,690000,1220000,2240000,3990000,4580000,4920000,6320000,8560000,11100000,12700000,14300000,16500000,18400000,19800000,21300000,22100000,22200000,22500000,23800000,24300000,24900000,25100000,25800000,26600000
Austria,0,,,,,0,,,,,0,,,,,0,0,0,0,0,0,0,0,0,0,9760,19100,26200,36900,50700,73700,115000,172000,221000,278000,384000,599000,1160000,2290000,4250000,6120000,6540000,6740000,7270000,7990000,8670000,9280000,9910000,10800000,11400000,12200000,13000000,13600000,13300000,13000000,13500000,14300000
Azerbaijan,0,,,,,0,,,,,0,,,,,0,0,0,0,0,0,0,0,0,0,0,0,0,0,0,0,0,0,0,500,6000,17000,40000,65000,370000,420000,730000,794000,1060000,1460000,2240000,3320000,4520000,6550000,7760000,9100000,10100000,10100000,10100000,10600000,10700000,10200000
Bahamas,0,,,,,0,,,,,0,,,,,0,0,0,0,0,0,0,0,0,0,0,0,0,0,0,1920,2020,2600,2400,,4100,4950,6200,8070,15900,31500,60600,122000,122000,186000,228000,253000,374000,358000,359000,428000,299000,300000,287000,315000,311000,360000
Bahrain,0,,,,,0,,,,,0,,,,,0,0,0,0,0,0,0,0,0,0,0,618,1710,2890,4250,5150,7350,9680,11400,17600,27600,40100,58500,92100,133000,206000,300000,389000,443000,650000,767000,907000,1120000,1440000,1400000,1570000,1690000,2120000,2210000,2330000,2520000,2990000
Bangladesh,0,,,,,0,,,,,0,,,,,0,0,0,0,0,0,0,0,0,0,0,0,0,0,0,0,0,250,500,1100,2500,4000,26000,75000,149000,279000,520000,1080000,1370000,2780000,9000000,19100000,34400000,44600000,51400000,67900000,84400000,97200000,117000000,127000000,131000000,136000000
Barbados,0,,,,,0,,,,,0,,,,,0,0,0,0,0,0,0,0,0,0,0,0,0,0,0,0,486,796,1560,2970,4610,6280,8010,12000,20300,28500,53100,97200,140000,200000,206000,237000,258000,289000,337000,350000,348000,349000,308000,305000,335000,332000
Belarus,0,,,,,0,,,,,0,,,,,0,0,0,0,0,0,0,0,0,0,0,0,0,0,0,0,0,0,324,1720,5900,6550,8170,12200,23500,49400,138000,463000,1120000,2240000,4100000,5960000,6960000,8130000,9690000,10300000,10700000,10700000,11100000,11400000,11400000,11400000
Belgium,0,,,,,0,,,,,0,,,,,0,0,0,0,0,0,0,0,0,0,0,3800,7220,19200,30800,42900,51400,61500,67800,128000,235000,478000,974000,1760000,3190000,5630000,7700000,8100000,8610000,9130000,9600000,9850000,10700000,11300000,11800000,12200000,12500000,12300000,12300000,12700000,12800000,12600000
Belize,0,,,,,0,,,,,0,,,,,0,0,0,0,0,0,0,0,0,0,0,0,0,0,0,0,0,0,400,832,1550,2180,2540,3540,6590,16800,39200,51700,60400,75000,96000,118000,118000,160000,162000,194000,222000,172000,175000,172000,212000,227000
Benin,0,,,,,0,,,,,0,,,,,0,0,0,0,0,0,0,0,0,0,0,0,0,0,0,0,0,0,0,0,1050,2710,4300,6290,7270,55500,125000,219000,236000,459000,596000,1060000,2050000,3630000,5030000,7070000,7770000,8410000,9630000,8660000,9320000,8890000
Bhutan,0,,,,,0,,,,,0,,,,,0,0,0,0,0,0,0,0,0,0,0,0,0,0,0,0,0,0,0,0,0,0,0,0,0,0,0,0,2260,19100,36000,82100,149000,253000,339000,394000,484000,561000,544000,625000,676000,698000
Bolivia,0,,,,,0,,,,,0,,,,,0,0,0,0,0,0,0,0,0,0,0,0,0,0,0,0,295,1550,2660,4060,7230,33400,118000,239000,420000,583000,780000,1020000,1280000,1800000,2420000,2880000,3250000,5040000,6460000,7180000,8350000,9490000,10400000,10500000,10200000,10100000
Bosnia and Herzegovina,0,,,,,0,,,,,0,,,,,0,0,0,0,0,0,0,0,0,0,0,0,0,0,0,0,0,0,0,0,0,1500,9000,25200,52600,93400,445000,749000,1070000,1410000,1590000,1890000,2450000,3180000,3260000,3110000,3170000,3360000,3490000,3490000,3440000,3400000
Botswana,0,,,,,0,,,,,0,,,,,0,0,0,0,0,0,0,0,0,0,0,0,0,0,0,0,0,0,0,0,0,0,0,15200,92000,222000,332000,332000,445000,523000,564000,823000,1150000,1490000,1870000,2360000,2900000,3080000,3250000,3410000,3480000,3290000
Brazil,0,,,,,0,,,,,0,,,,,0,0,0,0,0,0,0,0,0,0,0,0,0,0,0,667,6700,32000,182000,574000,1290000,2500000,4550000,7370000,15000000,23200000,28700000,34900000,46400000,65600000,86200000,99900000,121000000,151000000,169000000,197000000,234000000,248000000,271000000,281000000,258000000,244000000
Brunei,0,,,,,0,,,,,0,,,,,0,0,0,0,0,0,0,0,0,0,0,0,0,0,,1770,3030,4100,8300,15600,35900,43500,45000,49100,66000,95000,143000,154000,177000,202000,233000,301000,366000,399000,413000,435000,443000,470000,469000,452000,463000,523000
Bulgaria,0,,,,,0,,,,,0,,,,,0,0,0,0,0,0,0,0,0,0,0,0,0,0,0,0,0,0,1000,6500,20900,26600,70000,127000,350000,738000,1550000,2600000,3500000,4730000,6240000,8250000,9900000,10400000,10500000,10200000,10500000,10800000,10500000,9490000,9190000,8970000
Burkina Faso,0,,,,,0,,,,,0,,,,,0,0,0,0,0,0,0,0,0,0,0,0,0,0,0,0,0,0,0,0,0,525,1500,2730,5040,25200,76200,111000,238000,396000,634000,1020000,1860000,3020000,3820000,5710000,7680000,9980000,11200000,12500000,14400000,15400000
Burundi,0,,,,,0,,,,,0,,,,,0,0,0,0,0,0,0,0,0,0,0,0,0,0,0,0,0,0,353,378,564,561,619,620,800,16300,33400,52000,64000,101000,153000,200000,270000,481000,921000,1680000,1910000,2250000,2540000,3190000,5000000,5360000
Cambodia,0,,,,,0,,,,,0,,,,,0,0,0,0,0,0,0,0,0,0,0,0,0,0,0,0,0,0,4810,10200,14100,23100,33600,61300,89100,131000,223000,380000,498000,862000,1060000,1720000,2580000,4240000,6270000,8150000,13800000,19100000,20300000,20500000,20900000,19900000
Cameroon,0,,,,,0,,,,,0,,,,,0,0,0,0,0,0,0,0,0,0,0,0,0,0,0,0,0,0,0,1600,2800,3500,4200,5000,6000,103000,417000,702000,1080000,1530000,2250000,3140000,4540000,6160000,8000000,8640000,10500000,13100000,15700000,17000000,18200000,18700000
Canada,0,,,,,0,,,,,0,,,,,0,0,0,0,0,0,0,0,0,0,12000,60000,98400,203000,345000,584000,776000,1030000,1330000,1870000,2590000,3500000,4200000,5350000,6910000,8730000,10600000,11900000,13300000,15000000,17000000,18700000,20300000,22100000,23800000,25800000,26800000,27700000,28400000,28800000,29800000,30800000
Cape Verde,0,,,,,0,,,,,0,,,,,0,0,0,0,0,0,0,0,0,0,0,0,0,0,0,0,0,0,0,0,0,0,20,1020,8070,19700,31500,42900,53300,65800,81700,109000,152000,278000,291000,372000,396000,425000,499000,613000,611000,602000
Central African Republic,0,,,,,0,,,,,0,,,,,0,0,0,0,0,0,0,0,0,0,0,0,0,0,0,0,0,0,0,0,44,1070,1370,1630,4160,4970,11000,12600,40000,60000,100000,110000,340000,570000,864000,979000,992000,1140000,1360000,1160000,1240000,1250000
Chad,0,,,,,0,,,,,0,,,,,0,0,0,0,0,0,0,0,0,0,0,0,0,0,0,0,0,0,0,0,0,0,0,0,0,5500,22000,34200,65000,123000,210000,466000,918000,1600000,2280000,2880000,3670000,4400000,4560000,5250000,5470000,6230000
Chile,0,,,,,0,,,,,0,,,,,0,0,0,0,0,0,0,0,0,0,0,0,0,0,4890,13900,36100,64400,85200,116000,197000,319000,410000,964000,2260000,3400000,5100000,6240000,7270000,9260000,10600000,12500000,14000000,14800000,16500000,19900000,22300000,23900000,23700000,23700000,23200000,23300000
China,0,,,,,0,,,,,0,,,,,0,0,0,0,0,0,0,0,0,0,0,0,700,3230,9810,18300,47500,177000,638000,1570000,3630000,6850000,13200000,23900000,43300000,85300000,145000000,206000000,270000000,335000000,393000000,461000000,547000000,641000000,747000000,859000000,986000000,1110000000,1230000000,1290000000,1290000000,1360000000
Colombia,0,,,,,0,,,,,0,,,,,0,0,0,0,0,0,0,0,0,0,0,0,0,0,0,0,0,0,0,86800,275000,523000,1260000,1800000,1970000,2260000,3270000,4600000,6190000,10400000,21800000,29800000,33900000,41400000,42200000,44500000,46200000,49100000,50300000,55300000,57300000,58700000
Comoros,0,,,,,0,,,,,0,,,,,0,0,0,0,0,0,0,0,0,0,0,0,0,0,0,0,0,0,0,0,0,0,0,0,0,0,0,0,2000,8380,15500,36900,62100,91700,123000,165000,216000,284000,348000,383000,425000,454000
"Congo, Dem. Rep.",0,,,,,0,,,,,0,,,,,0,0,0,0,0,0,0,0,0,0,0,0,0,0,0,0,0,,,,8500,7200,8900,10000,12000,15000,150000,560000,1250000,1990000,2750000,4420000,6590000,9940000,9460000,11800000,15600000,20100000,28200000,37100000,37800000,28900000
"Congo, Rep.",0,,,,,0,,,,,0,,,,,0,0,0,0,0,0,0,0,0,0,0,0,0,0,0,0,0,0,0,0,0,1000,,3390,5000,70000,150000,222000,330000,384000,558000,917000,1290000,1810000,2950000,3720000,3880000,4280000,4660000,4930000,5220000,5420000
Costa Rica,0,,,,,0,,,,,0,,,,,0,0,0,0,0,0,0,0,0,0,0,0,0,0,0,0,0,3010,4530,6990,18800,46500,64400,109000,138000,212000,327000,502000,778000,923000,1100000,1440000,1510000,1890000,1950000,3130000,4150000,5380000,7110000,7020000,7540000,8330000
Cote d'Ivoire,0,,,,,0,,,,,0,,,,,0,0,0,0,0,0,0,0,0,0,0,0,0,0,0,0,0,0,0,0,0,13500,36000,91200,257000,473000,729000,1030000,1280000,1670000,2350000,4070000,7470000,10400000,13200000,15600000,17300000,18100000,19400000,22100000,25400000,27500000
Croatia,0,,,,,0,,,,,0,,,,,0,0,0,0,0,0,0,0,0,0,0,0,0,0,0,240,2020,6320,11400,21700,33700,64900,120000,183000,295000,1030000,1760000,2310000,2540000,2840000,3650000,4400000,5030000,4550000,4680000,4930000,5120000,4970000,4720000,4460000,4420000,4410000
Cuba,0,,,,,0,,,,,0,,,,,0,0,0,0,0,0,0,0,0,0,0,0,0,0,0,0,0,234,500,1150,1940,2430,2990,4060,5140,6540,8580,17900,35400,75800,136000,153000,198000,332000,621000,1000000,1320000,1680000,2000000,2530000,3340000,3990000
Cyprus,0,,,,,0,,,,,0,,,,,0,0,0,0,0,0,0,0,0,0,0,0,0,168,1350,3160,5130,9740,15300,22900,44500,70800,92000,116000,152000,218000,314000,418000,552000,658000,783000,868000,988000,1020000,978000,1030000,1090000,1110000,1100000,1110000,1110000,1130000
Czech Republic,0,,,,,0,,,,,0,,,,,0,0,0,0,0,0,0,0,0,0,0,0,0,0,0,0,1240,4650,14000,30400,48900,200000,526000,965000,1940000,4350000,6950000,8610000,9710000,10800000,11800000,12400000,13200000,13800000,13100000,12900000,13200000,13500000,13700000,13900000,12500000,12500000
Denmark,0,,,,,0,,,,,0,,,,,0,0,0,0,0,0,0,7200,16100,30600,46100,57600,77400,101000,124000,148000,176000,211000,358000,504000,822000,1320000,1440000,1930000,2630000,3360000,3960000,4480000,4770000,5170000,5450000,5830000,6310000,6560000,6830000,6420000,7170000,7290000,7030000,7160000,7080000,6990000
Djibouti,0,,,,,0,,,,,0,,,,,0,0,0,0,0,0,0,0,0,0,0,0,0,0,0,0,0,0,0,0,0,110,203,220,280,230,3000,15000,23000,34500,44100,44800,69500,113000,129000,166000,193000,212000,244000,287000,314000,345000
Dominica,0,,,,,0,,,,,0,,,,,0,0,0,0,0,0,0,0,0,0,0,0,0,0,0,0,0,0,0,0,0,461,556,650,800,1200,7710,12200,23800,41800,52000,71500,89000,91000,98500,106000,109000,109000,93600,73900,77300,78400
Dominican Republic,0,,,,,0,,,,,0,,,,,0,0,0,0,0,0,0,0,0,0,0,0,,,,3170,5610,7190,10400,21000,56000,82500,142000,209000,424000,705000,1270000,1700000,2090000,2530000,3620000,4610000,5510000,7210000,8630000,8890000,8770000,8930000,9200000,8300000,8800000,8710000
Ecuador,0,,,,,0,,,,,0,,,,,0,0,0,0,0,0,0,0,0,0,0,0,0,0,0,0,0,0,0,18900,54400,59800,127000,243000,383000,482000,859000,1560000,2400000,3540000,6250000,8490000,9940000,11700000,13200000,14800000,15300000,16500000,16600000,16600000,12900000,13900000
Egypt,0,,,,,0,,,,,0,,,,,0,0,0,0,0,0,0,0,0,0,0,0,2630,3020,3620,4000,4500,4910,6880,7370,7370,7370,65400,90800,481000,1360000,2790000,4490000,5800000,7640000,13600000,18000000,30100000,41300000,55400000,70700000,83400000,96800000,99700000,95300000,94000000,97800000
El Salvador,0,,,,,0,,,,,0,,,,,0,0,0,0,0,0,0,0,0,0,0,0,0,0,0,0,0,0,1630,4870,13500,23300,40200,137000,511000,744000,858000,889000,1150000,1830000,2410000,3850000,6140000,6950000,7570000,7700000,8320000,8650000,8990000,9190000,9330000,9640000
Equatorial Guinea,0,,,,,0,,,,,0,,,,,0,0,0,0,0,0,0,0,0,0,0,0,0,0,0,0,0,0,0,0,0,61,300,297,600,5000,15000,32000,41500,61900,96900,120000,150000,180000,200000,399000,479000,501000,511000,517000,533000,576000
Eritrea,0,,,,,0,,,,,0,,,,,0,0,0,0,0,0,0,0,0,0,0,0,0,0,0,0,0,0,0,0,0,0,0,0,0,0,0,0,0,20000,40400,62000,84300,109000,141000,185000,242000,305000,355000,417000,475000,506000
Estonia,0,,,,,0,,,,,0,,,,,0,0,0,0,0,0,0,0,0,0,0,0,0,0,0,0,570,2500,7220,13800,30500,69500,144000,247000,387000,557000,651000,881000,1050000,1260000,1450000,1660000,1680000,1620000,1570000,1650000,1810000,2000000,1930000,1900000,1900000,1900000
Ethiopia,0,,,,,0,,,,,0,,,,,0,0,0,0,0,0,0,0,0,0,0,0,0,0,0,0,0,0,0,0,0,0,0,0,6740,17800,27500,50400,51300,156000,411000,867000,1210000,1950000,4050000,6850000,14100000,20500000,25600000,30500000,42300000,51200000
Fiji,0,,,,,0,,,,,0,,,,,0,0,0,0,0,0,0,0,0,0,0,0,0,0,0,0,0,0,0,1100,2200,3700,5200,8000,23400,55100,80900,89900,110000,142000,205000,285000,530000,600000,640000,698000,727000,859000,930000,876000,966000,1040000
Finland,0,,,,,0,,,,,0,,,,,0,0,0,0,0,23500,28300,33900,42200,52000,67600,85300,106000,138000,190000,258000,319000,386000,489000,676000,1040000,1500000,2160000,2850000,3270000,3730000,4180000,4520000,4750000,4990000,5270000,5670000,6080000,6830000,7700000,8390000,8940000,9320000,7410000,7600000,7400000,7370000
France,0,,,,,0,,,,,0,,,,,0,0,0,0,0,0,0,0,0,0,0,9060,39200,98300,178000,283000,375000,437000,572000,883000,1300000,2460000,5820000,11200000,21400000,29100000,37000000,38600000,41700000,44500000,48100000,51700000,55400000,58000000,57900000,57800000,59800000,62300000,63300000,65400000,66700000,67600000
Gabon,0,,,,,0,,,,,0,,,,,0,0,0,0,0,0,0,0,0,0,0,0,0,0,0,0,0,280,1200,2580,4000,6800,9500,9690,8890,120000,150000,279000,300000,489000,737000,898000,1170000,1300000,1450000,1610000,2370000,2560000,2750000,2930000,2820000,2960000
Gambia,0,,,,,0,,,,,0,,,,,0,0,0,0,0,0,0,0,0,0,0,0,0,0,0,0,0,204,457,812,1440,3100,4730,5050,5310,5600,55100,100000,149000,175000,247000,404000,800000,1170000,1310000,1480000,1400000,1530000,1850000,2280000,2720000,2840000
Georgia,0,,,,,0,,,,,0,,,,,0,0,0,0,0,0,0,0,0,0,0,0,0,0,0,0,0,0,0,0,150,2300,30000,60000,133000,195000,301000,504000,711000,841000,1170000,1700000,2600000,2760000,2840000,3980000,4430000,4700000,4990000,5400000,5550000,5530000
Germany,0,,,,,0,,,,,0,,,,,0,0,0,0,0,0,0,0,0,0,1080,23800,48700,98800,164000,273000,532000,972000,1770000,2490000,3730000,5510000,8280000,13900000,23400000,48200000,56100000,59100000,64800000,71300000,79300000,85700000,96200000,106000000,105000000,88400000,90900000,92400000,100000000,99500000,96400000,103000000
Ghana,0,,,,,0,,,,,0,,,,,0,0,0,0,0,0,0,0,0,0,0,0,0,0,0,0,0,400,1740,3340,6200,12800,21900,41800,70000,130000,244000,387000,796000,1700000,2870000,5210000,7600000,11600000,15100000,17400000,21200000,25600000,28000000,30400000,35000000,38300000
Greece,0,,,,,0,,,,,0,,,,,0,0,0,0,0,0,0,0,0,0,0,0,0,0,0,0,0,0,48000,153000,273000,532000,938000,2050000,3900000,5930000,7960000,9310000,8940000,9320000,10300000,11000000,12300000,13800000,13300000,12300000,12100000,13400000,12500000,12100000,12600000,12500000
Grenada,0,,,,,0,,,,,0,,,,,0,0,0,0,0,0,0,0,0,0,0,0,0,0,0,150,147,181,282,350,400,570,976,1410,2010,4300,6410,7550,42300,43300,46900,46200,51400,60000,114000,122000,121000,130000,133000,117000,120000,119000
Guatemala,0,,,,,0,,,,,0,,,,,0,0,0,0,0,0,0,0,0,0,0,0,0,0,0,293,1220,2140,2990,10500,30000,43400,64200,111000,338000,857000,1150000,1580000,2030000,3170000,4510000,7180000,11900000,14900000,17300000,18100000,19500000,20800000,21700000,16900000,18100000,18300000
Guinea,0,,,,,0,,,,,0,,,,,0,0,0,0,0,0,0,0,0,0,0,0,0,0,0,0,0,0,42,812,950,950,2870,21600,25200,42100,55700,90800,112000,155000,189000,,2000000,2750000,3490000,4000000,4860000,5580000,7440000,8680000,10800000,10800000
Guinea-Bissau,0,,,,,0,,,,,0,,,,,0,0,0,0,0,0,0,0,0,0,0,0,0,0,0,0,0,0,0,0,0,0,0,0,0,0,0,0,1280,39500,98800,157000,296000,500000,560000,677000,733000,1050000,940000,1110000,1240000,1290000
Guyana,0,,,,,0,,,,,0,,,,,0,0,0,0,0,0,0,0,0,0,0,0,0,0,0,0,0,841,1030,1250,1240,1200,1400,1450,2820,39800,75300,79400,138000,172000,281000,400000,539000,448000,489000,560000,529000,547000,555000,567000,543000,585000
Haiti,0,,,,,0,,,,,0,,,,,0,0,0,0,0,0,0,0,0,0,0,0,0,0,0,0,0,0,0,0,0,0,0,10000,25000,55000,91500,140000,320000,400000,500000,1200000,2500000,3200000,3650000,4000000,4200000,6090000,7160000,6770000,7300000,6500000
Honduras,0,,,,,0,,,,,0,,,,,0,0,0,0,0,0,0,0,0,0,0,0,0,0,0,0,0,0,0,0,0,2310,14400,34900,78600,155000,238000,327000,379000,707000,1280000,2240000,4180000,6210000,8390000,9510000,8060000,7370000,7770000,7730000,8050000,7830000
Hungary,0,,,,,0,,,,,0,,,,,0,0,0,0,0,0,0,0,0,0,0,0,0,0,0,2650,8480,23300,45700,143000,265000,473000,706000,1070000,1630000,3080000,4970000,6890000,7940000,8730000,9320000,9970000,11000000,12200000,11800000,12000000,11700000,11600000,11600000,11700000,11800000,11800000
Iceland,0,,,,,0,,,,,0,,,,,0,0,0,0,0,0,0,0,0,0,0,2640,5010,6520,7890,10000,12900,15300,17400,21800,30900,46800,65400,104000,173000,215000,248000,260000,280000,290000,283000,302000,326000,337000,340000,341000,344000,352000,356000,370000,384000,402000
India,0,,,,,0,,,,,0,,,,,0,0,0,0,0,0,0,0,0,0,0,0,0,0,0,0,0,0,0,0,76700,328000,882000,1200000,1880000,3580000,6540000,13000000,33700000,52200000,90100000,166000000,234000000,347000000,525000000,752000000,894000000,865000000,886000000,944000000,1000000000,1130000000
Indonesia,0,,,,,0,,,,,0,,,,,0,0,0,0,0,0,0,0,0,1750,2030,4530,6320,9010,12900,18100,24500,35500,53400,78000,211000,563000,916000,1070000,2220000,3670000,6520000,11700000,18500000,30300000,46900000,63800000,93400000,141000000,164000000,211000000,250000000,282000000,313000000,326000000,339000000,386000000
Iran,0,,,,,0,,,,,0,,,,,0,0,0,0,0,0,0,0,0,0,0,0,0,0,0,0,0,0,0,9200,15900,60000,239000,390000,490000,963000,2090000,2280000,3450000,5080000,8510000,15400000,29800000,43000000,52600000,54100000,56000000,58200000,65200000,68900000,74200000,80500000
Iraq,0,,,,,0,,,,,0,,,,,0,0,0,0,0,0,0,0,0,0,0,0,0,0,0,0,0,0,0,0,0,0,0,0,0,0,0,20000,80000,574000,1530000,9350000,14000000,17500000,20100000,23300000,25500000,26800000,32500000,33000000,33600000,30200000
Ireland,0,,,,,0,,,,,0,,,,,0,0,0,0,0,0,0,0,0,0,300,1500,3480,6300,13600,25000,32000,44000,61100,88000,158000,289000,545000,946000,1680000,2460000,2970000,3000000,3500000,3860000,4270000,4690000,4970000,5050000,4700000,4700000,4910000,5010000,4880000,4910000,4900000,4880000
Israel,,,,,,,,,,,,,,,,,,,,,,,,,,,,,,,15200,23000,36100,64500,133000,445000,1050000,1670000,2150000,2880000,4400000,5500000,6300000,6620000,7220000,7760000,8400000,8900000,8980000,9020000,9110000,9200000,9230000,9500000,9500000,10600000,10600000
Italy,0,,,,,0,,,,,0,,,,,0,0,0,0,0,0,0,0,0,0,6420,9040,16500,33600,66100,266000,568000,783000,1210000,2240000,3920000,6420000,11700000,20500000,30300000,42200000,51200000,54200000,56800000,62800000,71500000,80400000,89800000,90300000,90000000,93700000,96000000,97200000,96900000,89900000,87700000,90900000
Jamaica,0,,,,,0,,,,,0,,,,,0,0,0,0,0,0,0,0,0,0,0,0,0,0,0,0,2450,7630,15200,26100,45100,54600,66000,78600,144000,367000,598000,1240000,1580000,1840000,1980000,2270000,2680000,2720000,2960000,3180000,2950000,2710000,2850000,3010000,3140000,3270000
Japan,0,,,,,0,,,,,0,,,,,0,0,0,0,0,0,13300,19800,27200,40400,61800,95100,151000,243000,490000,868000,1380000,1710000,2130000,4330000,11700000,26900000,38300000,47300000,56800000,66800000,74800000,81100000,86700000,91500000,96500000,99800000,107000000,110000000,116000000,123000000,133000000,141000000,148000000,158000000,161000000,167000000
Jordan,0,,,,,0,,,,,0,,,,,0,0,0,0,0,0,0,0,0,0,0,0,0,0,0,1440,1460,1460,1460,1450,11800,24100,45000,82400,118000,389000,866000,1220000,1330000,1620000,3140000,4340000,4770000,5310000,6010000,6620000,7480000,8980000,10300000,11100000,13800000,9820000
Kazakhstan,0,,,,,0,,,,,0,,,,,0,0,0,0,0,0,0,0,0,0,0,0,0,0,0,0,0,0,0,400,4600,9800,11200,29700,49500,197000,582000,1030000,1330000,2450000,5400000,7780000,12300000,14900000,17100000,19400000,25200000,30200000,30400000,28600000,26300000,25500000
Kenya,0,,,,,0,,,,,0,,,,,0,0,0,0,0,0,0,0,0,0,0,0,0,0,0,0,0,1100,1160,1990,2280,2830,6770,10800,23800,127000,600000,1190000,1590000,2550000,4610000,7340000,11300000,16300000,19400000,25000000,28100000,30700000,31800000,33600000,37700000,39000000
Kiribati,0,,,,,0,,,,,0,,,,,0,0,0,0,0,0,0,0,0,0,0,0,0,0,0,0,0,0,0,0,0,0,0,22,200,300,395,495,526,615,650,700,750,1000,9910,10600,13800,18000,20000,30000,41000,52000
Kuwait,0,,,,,0,,,,,0,,,,,0,0,0,0,0,0,0,0,0,0,0,8200,14300,17500,22500,20700,43000,51000,64300,85200,118000,151000,210000,250000,300000,476000,878000,1230000,1420000,1770000,1380000,1180000,1430000,1500000,2620000,3980000,4930000,5100000,6410000,7600000,5850000,5390000
Kyrgyz Republic,0,,,,,0,,,,,0,,,,,0,0,0,0,0,0,0,0,0,0,0,0,0,0,0,0,0,0,0,0,0,0,0,1350,2570,9000,27000,53100,138000,263000,542000,1260000,2170000,3390000,4490000,5280000,6280000,6800000,6740000,7560000,7580000,7610000
Lao,0,,,,,0,,,,,0,,,,,0,0,0,0,0,0,0,0,0,0,0,0,0,0,0,0,0,290,340,625,1540,3790,4920,6450,12100,12700,29500,55200,112000,204000,658000,1010000,1480000,2020000,3230000,4000000,5480000,4300000,4610000,4620000,3730000,3960000
Latvia,0,,,,,0,,,,,0,,,,,0,0,0,0,0,0,0,0,0,0,0,0,0,0,0,0,0,1030,3800,8360,15000,28500,77100,167000,274000,401000,657000,917000,1220000,1540000,1870000,2180000,2220000,2300000,2300000,2310000,2310000,2630000,2560000,2380000,2590000,2650000
Lebanon,0,,,,,0,,,,,0,,,,,0,0,0,0,0,0,0,0,0,0,0,0,0,0,0,0,0,0,0,0,120000,198000,374000,505000,627000,743000,767000,775000,795000,884000,994000,1110000,1260000,1430000,2390000,2860000,3460000,3760000,3880000,4390000,4660000,4890000
Lesotho,0,,,,,0,,,,,0,,,,,0,0,0,0,0,0,0,0,0,0,0,0,0,0,0,0,0,0,0,0,0,1260,3500,9830,12000,21600,57000,138000,126000,196000,250000,358000,482000,593000,661000,987000,1230000,1540000,1790000,2140000,2140000,2280000
Liberia,0,,,,,0,,,,,0,,,,,0,0,0,0,0,0,0,0,0,0,0,0,0,0,0,0,0,0,0,0,0,0,0,0,0,1500,2000,5000,47300,94400,160000,280000,563000,855000,1090000,1570000,2020000,2380000,2550000,3230000,3650000,3120000
Libya,0,,,,,0,,,,,0,,,,,0,0,0,0,0,0,0,0,0,0,0,0,0,0,0,0,0,0,0,0,0,0,10000,20000,30000,40000,50000,70000,127000,500000,2000000,3930000,4500000,7380000,9530000,10900000,10000000,9590000,10200000,8500000,9750000,7660000
Liechtenstein,,,,,,,,,,,,,,,,,,,,,,,,,,,,,,,0,,,,,,,,7500,9000,10000,11000,11400,25000,25500,27500,28800,32000,34000,35000,35500,37000,36100,38400,40700,41000,44300
Lithuania,0,,,,,0,,,,,0,,,,,0,0,0,0,0,0,0,0,0,0,0,0,0,0,0,0,0,267,1240,4510,14800,51000,165000,268000,332000,524000,1020000,1650000,2100000,3050000,4350000,4720000,4910000,5020000,4960000,4890000,4940000,5000000,4570000,4270000,4180000,4200000
Luxembourg,0,,,,,0,,,,,0,,,,,0,0,0,0,0,0,0,0,0,0,40,292,375,542,665,824,1140,1120,5080,12900,26800,45000,67200,131000,209000,303000,409000,473000,539000,470000,510000,713000,685000,707000,720000,727000,765000,761000,788000,802000,807000,764000
"Macedonia, FYR",0,,,,,0,,,,,0,,,,,0,0,0,0,0,0,0,0,0,0,0,0,0,0,0,0,0,0,0,0,0,1060,12400,30100,48700,116000,223000,365000,776000,986000,1130000,1260000,1790000,1970000,1940000,2150000,2210000,2240000,2240000,2220000,2080000,2050000
Madagascar,0,,,,,0,,,,,0,,,,,0,0,0,0,0,0,0,0,0,0,0,0,0,0,0,0,0,0,0,300,1300,2300,4100,12800,35800,63100,148000,163000,284000,334000,510000,1050000,2220000,4840000,6280000,7710000,8680000,8780000,8460000,9710000,10700000,8000000
Malawi,0,,,,,0,,,,,0,,,,,0,0,0,0,0,0,0,0,0,0,0,0,0,0,0,0,0,0,0,0,382,3700,7000,10500,22500,49000,55700,86000,135000,222000,421000,620000,1050000,1510000,2490000,3120000,3950000,4650000,5290000,5630000,6570000,7180000
Malaysia,0,,,,,0,,,,,0,,,,,0,0,0,0,0,0,0,0,0,0,,10800,17400,27300,39400,86600,130000,201000,340000,572000,1010000,1520000,2000000,2200000,2990000,5120000,7390000,9050000,11100000,14600000,19500000,19500000,23300000,27700000,30100000,33900000,36700000,41300000,43000000,44900000,44100000,43900000
Maldives,0,,,,,0,,,,,0,,,,,0,0,0,0,0,0,0,0,0,0,0,0,0,0,0,0,0,0,0,0,0,20,1290,1610,2930,7640,18900,41900,66500,113000,204000,271000,314000,436000,458000,494000,530000,561000,625000,666000,740000,812000
Mali,0,,,,,0,,,,,0,,,,,0,0,0,0,0,0,0,0,0,0,0,0,0,0,0,0,0,0,0,0,0,1190,2840,4470,6390,10400,24000,46000,247000,407000,762000,1510000,2530000,3440000,4460000,7440000,10800000,14600000,19700000,23500000,22700000,20200000
Malta,0,,,,,0,,,,,0,,,,,0,0,0,0,0,0,0,0,0,0,0,0,0,0,0,0,2280,3500,5300,7500,10800,12500,17700,22500,37500,114000,239000,277000,290000,306000,324000,347000,369000,386000,422000,456000,522000,532000,557000,546000,524000,532000
Marshall Islands,0,,,,,0,,,,,0,,,,,0,0,0,0,0,0,0,0,0,0,0,0,0,0,0,0,0,0,0,280,264,365,466,345,443,447,489,552,598,644,660,,,,,,,,,15500,15500,
Mauritania,0,,,,,0,,,,,0,,,,,0,0,0,0,0,0,0,0,0,0,0,0,0,0,0,0,0,0,0,0,0,0,0,0,0,15300,110000,247000,351000,522000,746000,1060000,1410000,2090000,2180000,2780000,3310000,4030000,3990000,3750000,3640000,3610000
Mauritius,0,,,,,0,,,,,0,,,,,0,0,0,0,0,0,0,0,0,0,0,0,0,0,0,2200,2500,2910,4040,5710,11700,20800,42500,60400,102000,180000,272000,348000,462000,548000,657000,772000,929000,1030000,1090000,1190000,1290000,1490000,1530000,1650000,1760000,1810000
Mexico,0,,,,,0,,,,,0,,,,,0,0,0,0,0,0,0,0,0,0,0,0,0,1500,8500,63900,161000,313000,386000,569000,689000,1020000,1740000,3350000,7730000,14100000,21800000,25900000,30100000,38500000,47100000,55400000,66600000,75300000,83200000,91400000,94600000,101000000,107000000,105000000,108000000,112000000
"Micronesia, Fed. Sts.",0,,,,,0,,,,,0,,,,,0,0,0,0,0,0,0,0,0,0,0,0,0,0,0,0,0,0,0,0,0,0,0,0,0,0,0,100,5870,12800,14100,18600,27400,27500,27500,27500,27600,31200,31400,,22500,23400
Moldova,0,,,,,0,,,,,0,,,,,0,0,0,0,0,0,0,0,0,0,0,0,0,0,0,0,0,0,0,0,14,920,2200,7000,18000,139000,225000,338000,476000,787000,1090000,1360000,1880000,2420000,2140000,2550000,3220000,3580000,3700000,3740000,3710000,3790000
Monaco,0,,,,,0,,,,,0,,,,,0,0,0,0,0,0,0,0,0,0,0,0,0,0,0,0,0,0,1150,2560,3010,5400,7200,11500,13100,13900,14300,14900,15100,15800,17200,18300,20400,22000,23000,23400,31800,33200,35500,33700,34000,33300
Mongolia,0,,,,,0,,,,,0,,,,,0,0,0,0,0,0,0,0,0,0,0,0,0,0,0,0,0,0,0,0,0,900,2000,9030,34600,155000,195000,216000,319000,429000,557000,775000,1190000,1760000,2250000,2510000,2940000,3380000,2880000,3030000,3070000,3370000
Montenegro,,,,,,,,,,,,,,,,,,,,,,,,,,,,,,,,,,,,,,,,,,,,,484000,543000,644000,900000,1160000,1290000,1170000,1160000,991000,994000,1010000,1010000,1040000
Morocco,0,,,,,0,,,,,0,,,,,0,0,0,0,0,0,0,0,0,0,0,0,60,105,700,904,1500,3220,6730,13800,29500,42900,74500,117000,369000,2340000,4770000,6200000,7360000,9340000,12400000,16000000,20000000,22800000,25300000,32000000,36600000,39000000,42400000,44100000,43100000,41500000
Mozambique,0,,,,,0,,,,,0,,,,,0,0,0,0,0,0,0,0,0,0,0,0,0,0,0,0,0,0,0,0,0,0,2500,6730,12200,51100,153000,255000,436000,708000,1500000,2340000,3080000,4410000,5970000,7220000,7860000,8800000,12400000,18500000,20100000,15000000
Myanmar,0,,,,,0,,,,,0,,,,,0,0,0,0,0,0,0,0,0,0,0,0,0,0,0,0,0,0,643,1920,2770,7260,8490,8520,11400,13400,22700,48000,66500,92500,129000,214000,248000,367000,502000,594000,1240000,3730000,6830000,29000000,41000000,50600000
Namibia,0,,,,,0,,,,,0,,,,,0,0,0,0,0,0,0,0,0,0,0,0,0,0,0,0,0,0,0,0,3500,6640,12500,19500,30000,82000,107000,150000,224000,286000,449000,609000,800000,1050000,1630000,1950000,2190000,2150000,2730000,2670000,2550000,2660000
Nauru,0,,,,,0,,,,,0,,,,,0,0,0,0,0,0,0,0,0,0,0,0,0,0,0,0,0,0,150,450,500,600,750,850,1000,1200,1500,,,,,,,,,6200,6700,6800,,,9400,9900
Nepal,0,,,,,0,,,,,0,,,,,0,0,0,0,0,0,0,0,0,0,0,0,0,0,0,0,0,0,0,0,0,0,0,0,5500,10200,17300,21900,81900,117000,227000,1160000,3270000,4200000,5600000,9200000,13400000,16600000,21400000,23000000,27500000,32100000
Netherlands,0,,,,,0,,,,,0,,,,,0,0,0,0,0,0,0,0,0,,4800,15300,24200,33000,56000,79000,115000,166000,216000,321000,539000,1020000,1720000,3350000,6750000,10800000,12200000,12100000,13200000,14800000,15800000,17300000,19300000,20600000,20100000,19200000,19800000,19700000,19500000,19600000,20800000,20900000
New Zealand,0,,,,,0,,,,,0,,,,,0,0,0,0,0,0,0,0,0,0,0,0,2400,10000,28900,54100,72300,100000,144000,239000,365000,493000,566000,790000,1400000,1540000,2290000,2450000,2600000,3030000,3530000,3800000,4250000,4620000,4700000,4710000,4820000,4920000,4770000,5100000,5600000,5800000
Nicaragua,0,,,,,0,,,,,0,,,,,0,0,0,0,0,0,0,0,0,0,0,0,0,0,0,0,0,0,324,2180,4400,5100,7560,18300,44200,90300,165000,237000,467000,739000,1120000,1830000,2500000,3110000,3340000,3960000,4820000,5850000,6810000,7070000,7260000,7750000
Niger,0,,,,,0,,,,,0,,,,,0,0,0,0,0,0,0,0,0,0,0,0,0,0,0,0,0,0,0,0,0,0,98,1350,2190,2060,2130,57500,82400,172000,324000,483000,900000,1900000,2600000,3670000,4740000,5400000,7010000,8240000,8960000,8720000
Nigeria,0,,,,,0,,,,,0,,,,,0,0,0,0,0,0,0,0,0,0,0,0,0,0,0,0,0,0,9050,12800,13000,14000,15000,20000,25000,30000,266000,1570000,3150000,9150000,18600000,32300000,40400000,63000000,74500000,87300000,95200000,113000000,127000000,139000000,151000000,154000000
North Korea,0,,,,,0,,,,,0,,,,,0,0,0,0,0,0,0,0,0,0,0,0,0,0,0,0,0,0,0,0,0,0,0,0,0,0,0,0,0,0,0,0,0,0,69300,432000,1000000,1700000,2420000,2800000,3240000,3610000
Norway,0,,,,,0,,,,,0,,,,,0,0,0,0,0,0,1670,11100,23500,39100,63100,87100,120000,152000,168000,197000,234000,283000,371000,588000,981000,1260000,1680000,2070000,2660000,3220000,3590000,3790000,4060000,4520000,4750000,4870000,5040000,5210000,5350000,5600000,5730000,5800000,5690000,5740000,5710000,5730000
Oman,0,,,,,0,,,,,0,,,,,0,0,0,0,0,0,0,0,0,0,52,747,1160,1710,2100,2730,3670,4720,5620,6750,8050,15000,53000,98000,121000,162000,323000,463000,594000,806000,1330000,1820000,2500000,3220000,3970000,4610000,4810000,5280000,5620000,6190000,6650000,6870000
Pakistan,0,,,,,0,,,,,0,,,,,0,0,0,0,0,0,0,0,0,0,0,0,0,0,0,2000,8500,13500,16000,24700,41000,68000,135000,196000,266000,306000,743000,1700000,2400000,5020000,12800000,34500000,62900000,88000000,94300000,99200000,109000000,120000000,128000000,136000000,126000000,136000000
Palau,,,,,,,,,,,,,,,,,,,,,,,,,,,,,,,,,,,,,,,,,,,2460,3920,3920,6050,8350,10700,11700,12700,14500,15400,17200,17900,19100,23700,
Palestine,,,,,,,,,,,,,,,,,,,,,,,,,,,,,,,0,,0,0,0,,,,,,7080,176000,252000,264000,437000,568000,822000,1020000,1310000,1800000,2600000,2880000,3130000,3190000,3200000,3530000,3710000
Panama,0,,,,,0,,,,,0,,,,,0,0,0,0,0,0,0,0,0,0,0,0,0,0,0,0,0,0,0,0,0,7000,23500,85900,233000,410000,475000,526000,692000,1260000,1750000,2170000,3010000,3920000,6070000,6650000,6740000,6210000,6200000,6210000,6950000,5140000
Papua New Guinea,0,,,,,0,,,,,0,,,,,0,0,0,0,0,0,0,0,0,0,0,0,0,0,0,0,0,0,0,0,0,2290,3860,5560,7060,8560,10700,15000,17500,48300,75000,100000,300000,874000,1420000,1910000,2400000,2710000,3000000,3360000,3560000,3780000
Paraguay,0,,,,,0,,,,,0,,,,,0,0,0,0,0,0,0,0,0,0,0,0,0,0,0,0,0,1500,3390,7660,15800,32900,84200,232000,436000,821000,1150000,1670000,1770000,1750000,1890000,3230000,4690000,5790000,5620000,5920000,6530000,6790000,7050000,7310000,7410000,7490000
Peru,0,,,,,0,,,,,0,,,,,0,0,0,0,0,0,0,0,0,0,0,0,0,0,0,1650,5700,21600,36300,52200,73500,201000,422000,743000,1010000,1270000,1790000,2310000,2930000,4090000,5580000,9120000,15400000,21000000,24700000,29100000,32500000,29400000,29800000,31900000,34200000,36900000
Philippines,0,,,,,0,,,,,0,,,,,0,0,0,0,0,0,0,0,0,0,0,0,0,0,0,0,34600,56000,102000,172000,494000,959000,1340000,1730000,2850000,6450000,12200000,15400000,22500000,32900000,34800000,42900000,57300000,68100000,75600000,83200000,94200000,102000000,103000000,111000000,118000000,113000000
Poland,0,,,,,0,,,,,0,,,,,0,0,0,0,0,0,0,0,0,0,0,0,0,0,0,0,0,2200,15700,38900,75000,217000,812000,1930000,3960000,6750000,10000000,13900000,17400000,23100000,29200000,36700000,41400000,43900000,44800000,47000000,50200000,54100000,57000000,56900000,54500000,53000000
Portugal,0,,,,,0,,,,,0,,,,,0,0,0,0,0,0,0,0,0,0,0,0,0,0,2780,6500,12600,37300,101000,174000,341000,664000,1510000,3070000,4670000,6660000,7980000,8670000,10000000,10600000,11400000,12200000,13500000,14000000,11800000,12200000,12300000,11900000,12000000,11900000,11700000,11600000
Qatar,0,,,,,0,,,,,0,,,,,0,0,0,0,0,0,0,,,,,,,,,3810,4060,4230,4290,11500,18500,28800,43500,65800,84400,121000,178000,267000,377000,490000,717000,920000,1260000,1430000,1950000,2190000,2300000,2600000,3310000,3310000,3740000,3650000
Romania,0,,,,,0,,,,,0,,,,,0,0,0,0,0,0,0,0,0,0,0,0,0,0,0,0,0,0,800,2780,9070,17000,201000,643000,1360000,2500000,3850000,5110000,7040000,10200000,13400000,16000000,20400000,24500000,25100000,24400000,23400000,22800000,22900000,22900000,23100000,22900000
Russia,0,,,,,0,,,,,0,,,,,0,0,0,0,0,0,0,0,0,0,0,0,0,0,0,0,300,6000,10000,27700,88500,223000,485000,747000,1370000,3260000,7750000,17600000,36100000,73700000,120000000,151000000,171000000,200000000,230000000,238000000,204000000,208000000,218000000,221000000,227000000,229000000
Rwanda,0,,,,,0,,,,,0,,,,,0,0,0,0,0,0,0,0,0,0,0,0,0,0,0,0,0,0,0,0,0,0,0,5000,11000,39000,65000,82400,131000,137000,223000,314000,635000,1320000,2430000,3550000,4450000,5690000,6690000,7750000,8760000,8920000
Samoa,0,,,,,0,,,,,0,,,,,0,0,0,0,0,0,0,0,0,0,0,0,0,0,0,0,0,0,0,0,0,0,766,1480,2430,2500,2500,2700,10500,16000,24000,45500,86000,,,90000,,100000,99900,107000,121000,151000
San Marino,,,,,,,,,,,,,,,,,,,,,,,,,,,,,,,0,,900,1300,1900,2340,2280,2350,4980,9580,14500,15900,16800,16900,17100,17200,17400,17500,24400,29900,30600,35500,36000,36800,37600,36600,36600
Sao Tome and Principe,0,,,,,0,,,,,0,,,,,0,0,0,0,0,0,0,0,0,0,0,0,0,0,0,0,0,0,0,0,0,0,0,0,0,0,0,1980,4820,7750,12000,18400,30100,50600,80800,103000,115000,122000,125000,129000,185000,178000
Saudi Arabia,,,,,,,,,,,,,,,,,,,,,,,,,,,,,,,14900,15300,15800,15900,16000,16000,191000,332000,627000,837000,1380000,2530000,5010000,7240000,9180000,14200000,19700000,28400000,36000000,44900000,51600000,54000000,53000000,53100000,52700000,52800000,47900000
Senegal,0,,,,,0,,,,,0,,,,,0,0,0,0,0,0,0,0,0,0,0,0,0,0,0,0,0,0,0,98,122,1410,6940,27500,87900,250000,302000,553000,782000,1120000,1730000,2980000,3630000,5390000,6900000,8340000,9350000,11500000,13100000,14400000,15000000,15200000
Serbia,,,,,,,,,,,,,,,,,,,,,,,,,,,,,,,,,,,,,,,,,,,,,4730000,5510000,6640000,8450000,9620000,9910000,9920000,10200000,9140000,9200000,9340000,9160000,9090000
Seychelles,0,,,,,0,,,,,0,,,,,0,0,0,0,0,0,0,0,0,0,0,0,0,0,0,0,0,0,0,0,50,1040,2250,5190,16300,26000,36700,44700,49200,54400,58800,70300,77300,93500,111000,118000,127000,136000,137000,151000,148000,152000
Sierra Leone,0,,,,,0,,,,,0,,,,,0,0,0,0,0,0,0,0,0,0,0,0,0,0,0,0,0,0,0,0,0,0,0,0,0,11900,26900,67000,113000,,,,776000,1010000,1160000,2000000,2140000,2210000,4000000,4760000,5660000,6280000
Singapore,0,,,,,0,,,,,0,,,,,0,0,0,0,0,0,0,0,0,,,,,10800,26300,51700,81900,120000,179000,236000,306000,431000,849000,1090000,1630000,2750000,2990000,3310000,3580000,3990000,4380000,4790000,5920000,6410000,6880000,7380000,7790000,8070000,8440000,8100000,8230000,8460000
Slovak Republic,0,,,,,0,,,,,0,,,,,0,0,0,0,0,0,0,0,0,0,0,0,0,0,0,0,119,1540,3130,5950,12300,28700,200000,465000,664000,1240000,2150000,2920000,3680000,4280000,4540000,4890000,6070000,5520000,5500000,5930000,5980000,6090000,6210000,6380000,6680000,6990000
Slovenia,0,,,,,0,,,,,0,,,,,0,0,0,0,0,0,0,0,0,0,0,0,0,0,0,0,523,3500,6500,16300,27300,41200,93600,162000,631000,1220000,1470000,1670000,1740000,1850000,1760000,1820000,1930000,2050000,2100000,2120000,2170000,2240000,2280000,2330000,2350000,2390000
Solomon Islands,0,,,,,0,,,,,0,,,,,0,0,0,0,0,0,0,0,0,0,0,0,0,0,0,0,0,0,0,144,230,337,658,702,1090,1150,967,999,1060,3000,6000,7000,10900,30000,50000,116000,275000,302000,323000,377000,425000,417000
Somalia,0,,,,,0,,,,,0,,,,,0,0,0,0,0,0,0,0,0,0,0,0,0,0,0,0,0,0,0,0,0,0,0,0,0,80000,85000,100000,200000,500000,500000,550000,600000,627000,641000,648000,1800000,2300000,5180000,5500000,5840000,6650000
South Africa,0,,,,,0,,,,,0,,,,,0,0,0,0,0,0,0,0,0,0,0,0,0,0,3980,5680,7100,12500,40000,340000,535000,953000,1840000,3340000,5190000,8340000,10800000,13700000,16900000,20800000,34000000,39700000,42300000,45000000,46400000,50400000,64000000,68400000,76900000,79300000,88000000,82400000
South Korea,0,,,,,0,,,,,0,,,,,0,0,0,0,0,0,0,0,0,,,7090,10300,20400,39700,80000,166000,272000,472000,960000,1640000,3180000,6880000,14000000,23400000,26800000,29000000,32300000,33600000,36600000,38300000,40200000,44400000,45600000,47900000,50800000,52500000,53600000,54700000,57300000,58900000,61300000
South Sudan,,,,,,,,,,,,,,,,,,,,,,,,,,,,,,,,,,,,,,,,,,,,,,,,,,,1500000,1800000,2300000,2850000,2880000,2900000,2700000
Spain,0,,,,,0,,,,,0,,,,,0,0,0,0,0,0,0,0,,,,1700,4200,11600,29800,54700,108000,180000,257000,412000,945000,3000000,4340000,6440000,15000000,24300000,29700000,33500000,37200000,38600000,42700000,45700000,48400000,49600000,51100000,51400000,52600000,50700000,50200000,50800000,51100000,51500000
Sri Lanka,0,,,,,0,,,,,0,,,,,0,0,0,0,0,0,0,0,0,0,0,0,0,0,0,1010,1800,2640,14700,29200,51300,71000,115000,174000,257000,430000,668000,931000,1390000,2210000,3360000,5410000,7980000,11100000,16300000,17400000,18300000,19300000,20300000,22100000,23900000,25800000
St. Kitts and Nevis,0,,,,,0,,,,,0,,,,,0,0,0,0,0,0,0,0,0,0,0,0,0,0,0,0,,,,,,300,205,440,700,1200,2100,5000,22000,29000,51000,51000,64500,74500,75500,80000,77000,76000,77000,65000,73000,76600
St. Lucia,0,,,,,0,,,,,0,,,,,0,0,0,0,0,0,0,0,0,0,0,0,0,0,0,0,,,,524,1000,1400,1600,1900,2300,2500,2700,14300,99000,101000,106000,106000,147000,175000,190000,198000,217000,216000,212000,188000,188000,177000
St. Vincent and the Grenadines,0,,,,,0,,,,,0,,,,,0,0,0,0,0,0,0,0,0,0,0,0,0,0,0,0,,70,83,150,215,280,346,750,1420,2360,7490,9980,62900,72000,70600,87600,110000,130000,121000,132000,132000,127000,125000,115000,113000,113000
Sudan,0,,,,,0,,,,,0,,,,,0,0,0,0,0,0,0,0,0,0,0,0,0,0,0,0,0,0,0,0,0,2200,3800,8600,13000,23000,104000,191000,527000,1050000,1830000,4680000,8220000,12000000,15300000,18100000,25100000,27700000,27700000,27800000,27900000,27800000
Suriname,0,,,,,0,,,,,0,,,,,0,0,0,0,0,0,0,0,0,0,0,0,0,0,0,0,0,0,1080,1380,1690,2420,2260,6010,17500,41000,87000,108000,169000,213000,233000,320000,380000,657000,764000,521000,534000,569000,869000,928000,750000,807000
Swaziland,0,,,,,0,,,,,0,,,,,0,0,0,0,0,0,0,0,0,0,0,0,0,0,0,0,0,0,0,0,0,0,0,4700,14000,33000,55000,68000,85000,145000,200000,250000,380000,532000,664000,726000,767000,805000,893000,917000,941000,995000
Sweden,0,,,,,0,,,,,0,,,,,0,0,0,0,0,0,20400,27200,36300,57900,73000,113000,173000,243000,349000,461000,568000,656000,775000,1380000,2010000,2490000,3170000,4110000,5130000,6370000,7180000,7950000,8800000,8790000,9100000,9610000,10100000,10000000,10400000,11000000,11500000,11800000,12000000,12300000,12600000,12500000
Switzerland,0,,,,,0,,,,,0,,,,,0,0,0,0,0,0,0,0,0,0,0,0,5480,30800,72700,125000,175000,215000,258000,332000,447000,663000,1040000,1700000,3060000,4640000,5280000,5740000,6190000,6270000,6830000,7440000,8210000,8900000,9320000,9640000,10100000,10600000,11000000,11200000,11200000,11200000
Syria,0,,,,,0,,,,,0,,,,,0,0,0,0,0,0,0,0,0,0,0,0,0,0,0,0,0,0,0,0,0,0,0,0,4000,30000,200000,400000,1190000,2350000,2950000,4680000,6230000,7060000,10000000,11700000,12900000,13000000,12300000,14000000,14300000,13300000
Tajikistan,0,,,,,0,,,,,0,,,,,0,0,0,0,0,0,0,0,0,0,0,0,0,0,0,0,0,0,0,0,0,102,320,420,625,1160,1630,13200,47600,135000,265000,2150000,2130000,3670000,4900000,5940000,6320000,6530000,7540000,8000000,8490000,9400000
Tanzania,0,,,,,0,,,,,0,,,,,0,0,0,0,0,0,0,0,0,0,0,0,0,0,0,0,0,0,0,371,3500,9040,20200,37900,51000,111000,276000,607000,1300000,1940000,2960000,5610000,8250000,13000000,17500000,21000000,25700000,27200000,27400000,31900000,39700000,40000000
Thailand,0,,,,,0,,,,,0,,,,,0,0,0,0,0,0,0,0,0,0,0,821,5880,17600,39900,63200,124000,251000,414000,737000,1300000,1840000,2200000,1980000,2340000,3060000,7550000,17400000,21600000,27000000,30500000,40100000,53000000,61800000,66000000,71700000,77400000,85000000,93800000,97100000,103000000,120000000
Timor-Leste,,,,,,,,,,,,,,,,,,,,,,,,,,,,,,,0,,,,,,,,,,,,,20100,25700,33100,49100,78200,125000,351000,473000,614000,621000,650000,1380000,1380000,1490000
Togo,0,,,,,0,,,,,0,,,,,0,0,0,0,0,0,0,0,0,0,0,0,0,0,0,0,0,0,0,0,0,0,3000,7500,17000,50000,95000,165000,244000,333000,434000,708000,1190000,1550000,2190000,2600000,2700000,3310000,4260000,4520000,4860000,5510000
Tonga,0,,,,,0,,,,,0,,,,,0,0,0,0,0,0,0,0,0,0,0,0,0,0,0,0,0,0,0,0,300,302,120,130,140,180,236,3350,11200,16400,29900,30100,46500,50500,53000,54300,55000,56000,57500,68000,73500,80000
Trinidad and Tobago,0,,,,,0,,,,,0,,,,,0,0,0,0,0,0,0,0,0,0,0,0,0,0,0,0,426,1280,1680,2600,6350,9530,17100,26300,38700,162000,256000,263000,336000,651000,924000,1520000,1510000,1810000,1850000,1890000,1830000,1880000,1940000,1980000,2120000,2170000
Tunisia,0,,,,,0,,,,,0,,,,,0,0,0,0,0,0,0,0,0,0,,,224,401,636,953,1240,1970,2270,2710,3190,6500,7660,39000,55300,119000,389000,574000,1920000,3740000,5680000,7340000,7840000,8600000,9800000,11100000,12400000,12800000,12700000,14300000,14600000,14300000
Turkey,0,,,,,0,,,,,0,,,,,0,0,0,0,0,0,0,0,0,0,0,365,5100,9850,15600,31800,47800,61400,84200,175000,437000,806000,1610000,3510000,8120000,16100000,19600000,23300000,27900000,34700000,43600000,52700000,62000000,65800000,62800000,61800000,65300000,67700000,69700000,71900000,73600000,75100000
Turkmenistan,0,,,,,0,,,,,0,,,,,0,0,0,0,0,0,0,0,0,0,0,0,0,0,0,0,0,0,0,0,0,0,2500,3000,4000,7500,8170,8170,9190,50100,105000,217000,382000,1140000,2130000,3200000,5300000,5900000,6130000,7210000,7840000,8580000
Tuvalu,0,,,,,0,,,,,0,,,,,0,0,0,0,0,0,0,0,0,0,0,0,0,0,0,0,0,0,0,0,0,0,0,0,0,0,0,0,0,500,1300,1600,1800,,1000,1600,2130,2800,3400,3800,6600,7600
Uganda,0,,,,,0,,,,,0,,,,,0,0,0,0,0,0,0,0,0,0,0,0,0,0,0,0,0,0,0,0,1750,4000,5000,30000,56400,127000,284000,393000,776000,1170000,1320000,2010000,4200000,8550000,9380000,12800000,16700000,16400000,18100000,20400000,20200000,22800000
Ukraine,0,,,,,0,,,,,0,,,,,0,0,0,0,0,0,0,0,0,0,0,0,0,0,0,0,0,0,65,5000,14000,30000,57200,116000,217000,819000,2220000,3690000,6500000,13700000,30000000,49100000,55200000,55700000,54900000,53900000,55600000,59300000,62500000,61200000,60700000,56700000
United Arab Emirates,,,,,,,,,,,,,,,,,,,,,,,2330,3560,4940,7920,11200,13700,13800,24900,33600,43000,48900,70600,91500,129000,194000,309000,493000,832000,1430000,1910000,2430000,2970000,3680000,4530000,5520000,7730000,9360000,10700000,10900000,11700000,13800000,16100000,16800000,17900000,19900000
United Kingdom,0,,,,,0,,,,,0,,,,,0,0,0,0,0,0,0,0,0,0,50000,130000,290000,560000,975000,1110000,1260000,1510000,2270000,3940000,5740000,7250000,8840000,14900000,27200000,43500000,46300000,49200000,54300000,59700000,65500000,70100000,73800000,74900000,76500000,76700000,77200000,78300000,78700000,78500000,79300000,78900000
United States,0,,,,,0,,,,,0,,,,,0,0,0,0,0,0,,,,91600,340000,682000,1230000,2070000,3510000,5280000,7560000,11000000,16000000,24100000,33800000,44000000,55300000,69200000,86000000,109000000,129000000,142000000,161000000,185000000,204000000,230000000,249000000,261000000,274000000,285000000,297000000,305000000,311000000,356000000,382000000,396000000
Uruguay,0,,,,,0,,,,,0,,,,,0,0,0,0,0,0,0,0,0,0,0,0,0,0,0,0,0,1710,4970,6830,39900,78600,99200,151000,319000,411000,520000,514000,498000,600000,1150000,2330000,3000000,3510000,4110000,4440000,4760000,5000000,5270000,5500000,5170000,5120000
Uzbekistan,0,,,,,0,,,,,0,,,,,0,0,0,0,0,0,0,0,0,0,0,0,0,0,0,0,0,0,500,902,3730,9510,17200,26800,40400,53100,128000,187000,321000,544000,720000,2530000,5690000,12400000,16400000,21000000,25400000,20300000,21500000,21600000,21800000,23300000
Vanuatu,0,,,,,0,,,,,0,,,,,0,0,0,0,0,0,0,0,0,0,0,0,0,0,0,0,0,0,0,64,121,154,207,220,300,365,350,4900,7800,10500,12700,15000,26000,36000,132000,170000,137000,146000,127000,156000,175000,219000
Venezuela,0,,,,,0,,,,,0,,,,,0,0,0,0,0,0,0,0,0,0,0,0,0,1800,3690,7420,16600,78600,183000,319000,404000,582000,1070000,2010000,3780000,5450000,6470000,6540000,7020000,8420000,12500000,18800000,23800000,27400000,28100000,27900000,28800000,30600000,30900000,30500000,29100000,27600000
Vietnam,0,,,,,0,,,,,0,,,,,0,0,0,0,0,0,0,0,0,0,0,0,0,0,0,0,0,800,4060,12500,23500,68900,160000,223000,329000,789000,1250000,1900000,2740000,4960000,9590000,18900000,45000000,74900000,98200000,112000000,127000000,132000000,124000000,136000000,120000000,121000000
Yemen,0,,,,,0,,,,,0,,,,,0,0,0,0,0,0,0,0,0,0,0,0,0,0,0,0,0,1550,5170,8190,8250,8810,12200,16100,27700,32000,148000,487000,675000,1480000,2280000,2980000,4350000,6450000,8310000,11100000,11700000,13900000,16800000,17100000,15000000,16400000
Zambia,0,,,,,0,,,,,0,,,,,0,0,0,0,0,0,0,0,0,0,0,0,0,0,0,0,0,0,0,0,1550,2720,4550,8260,28200,98900,121000,139000,241000,464000,950000,1660000,2640000,3540000,4410000,5450000,8160000,10500000,10400000,10100000,11600000,12000000
Zimbabwe,0,,,,,0,,,,,0,,,,,0,0,0,0,0,0,0,0,0,0,0,0,0,0,0,0,0,0,0,0,0,0,5730,19000,174000,266000,314000,339000,364000,426000,647000,849000,1230000,1650000,3990000,7700000,9200000,12600000,13600000,11800000,12800000,12900000
